序号,链接,节点数
0,https://raw.githubusercontent.com/Jsnzkpg/Jsnzkpg/refs/heads/Jsnzkpg/Jsnzkpg,31
1,https://raw.githubusercontent.com/PuddinCat/BestClash/refs/heads/main/proxies.yaml,0
2,https://raw.githubusercontent.com/Ruk1ng001/freeSub/refs/heads/main/clash.yaml,136
3,https://raw.githubusercontent.com/chengaopan/AutoMergePublicNodes/refs/heads/master/list.yml,14
4,https://raw.githubusercontent.com/ermaozi/get_subscribe/refs/heads/main/subscribe/clash.yml,2
5,https://raw.githubusercontent.com/hello-world-1989/cn-news/refs/heads/main/clash.yaml,6
6,https://raw.githubusercontent.com/peasoft/NoMoreWalls/refs/heads/master/list.yml,67
7,https://raw.githubusercontent.com/ripaojiedian/freenode/refs/heads/main/clash,13
8,https://raw.githubusercontent.com/shaoyouvip/free/refs/heads/main/all.yaml,25
9,https://raw.githubusercontent.com/suiyuan8/clash/refs/heads/main/VN_135ss,0
10,https://raw.githubusercontent.com/wisebobo/clashNodes/refs/heads/master/rules_clash.yaml,96
11,https://raw.githubusercontent.com/zhangkaiitugithub/passcro/refs/heads/main/speednodes.yaml,9

总计,,350
